<?xml version="1.0" encoding="UTF-8"?>

<!-- Configuration for Email Notifier (DL100B Dream Cheeky Generic Controller)  -->
<device vendorId="0x1d34" productId="0x0004" outEndPoint="0x00"
  impl="jp.gr.java_conf.ka_ka_xyz.usblamp.core.UsbLampDeviceImpl">
  <init-signals>
    <init-signal data="0x1f 0x02 0x00 0x2e 0x00 0x00 0x2b 0x03"/>
    <init-signal data="0x00 0x02 0x00 0x2e 0x00 0x00 0x2b 0x04"/>
  </init-signals>
  <signals>
    <!-- light off -->
    <signal bit="0" data="0x00 0x00 0x00 0x00 0x00 0x00 0x00 0x05" off="true"/>
    <!-- Red -->
    <signal bit="1" data="0x99 0x00 0x00 0x00 0x00 0x00 0x00 0x05"/>
    <!-- Blue -->
    <signal bit="2" data="0x00 0x99 0x00 0x00 0x00 0x00 0x00 0x05"/>
    <signal bit="3" data="0x99 0x99 0x00 0x00 0x00 0x00 0x00 0x05"/>
    <!-- Green -->
    <signal bit="4" data="0x00 0x00 0x99 0x00 0x00 0x00 0x00 0x05"/>
    <signal bit="5" data="0x99 0x00 0x99 0x00 0x00 0x00 0x00 0x05"/>
    <signal bit="6" data="0x00 0x99 0x99 0x00 0x00 0x00 0x00 0x05"/>
    <signal bit="7" data="0x99 0x99 0x99 0x00 0x00 0x00 0x00 0x05"/>
  </signals>
</device>
